Assembly instruction,Category,
FEMMS,MMX,
PAVGUSB,3DNOW,
PF2ID,3DNOW,
PF2IW,3DNOW,
PFACC,3DNOW,
PFADD,3DNOW,
PFCMPEQ,3DNOW,
PFCMPGE,3DNOW,
PFCMPGT,3DNOW,
PFMAX,3DNOW,
PFMIN,3DNOW,
PFMUL,3DNOW,
PFNACC,3DNOW,
PFPNACC,3DNOW,
PFRCP,3DNOW,
PFRCPIT1,3DNOW,
PFRCPIT2,3DNOW,
PFRSQIT1,3DNOW,
PFRSQRT,3DNOW,
PFSUB,3DNOW,
PFSUBR,3DNOW,
PI2FD,3DNOW,
PI2FW,3DNOW,
PMULHRW,3DNOW,
PSWAPD,3DNOW,
PREFETCHW,PREFETCH,
PREFETCH,PREFETCH,
ADCX,ADOX_ADCX,
ADOX,ADOX_ADCX,
AESDEC,AES,
AESDECLAST,AES,
AESENC,AES,
AESENCLAST,AES,
AESIMC,AES,
AESKEYGENASSIST,AES,
INVLPGB,SYSTEM,
TLBSYNC,SYSTEM,
TDPBF16PS,AMX_TILE,
TDPBSSD,AMX_TILE,
TDPBSUD,AMX_TILE,
TDPBUSD,AMX_TILE,
TDPBUUD,AMX_TILE,
LDTILECFG,AMX_TILE,
STTILECFG,AMX_TILE,
TILELOADD,AMX_TILE,
TILELOADDT1,AMX_TILE,
TILERELEASE,AMX_TILE,
TILESTORED,AMX_TILE,
TILEZERO,AMX_TILE,
VADDPD,AVX,
VADDPS,AVX,
VADDSD,AVX,
VADDSS,AVX,
VADDSUBPD,AVX,
VADDSUBPS,AVX,
VANDNPD,LOGICAL_FP,
VANDNPS,LOGICAL_FP,
VANDPD,LOGICAL_FP,
VANDPS,LOGICAL_FP,
VBLENDPD,AVX,
VBLENDPS,AVX,
VBLENDVPD,AVX,
VBLENDVPS,AVX,
VBROADCASTF128,BROADCAST,
VBROADCASTSD,BROADCAST,
VBROADCASTSS,BROADCAST,
VCMPPD,AVX,
VCMPPS,AVX,
VCMPSD,AVX,
VCMPSS,AVX,
VCOMISD,AVX,
VCOMISS,AVX,
VCVTDQ2PD,CONVERT,
VCVTDQ2PS,CONVERT,
VCVTPD2DQ,CONVERT,
VCVTPD2PS,CONVERT,
VCVTPS2DQ,CONVERT,
VCVTPS2PD,CONVERT,
VCVTSD2SI,CONVERT,
VCVTSD2SS,CONVERT,
VCVTSI2SD,CONVERT,
VCVTSI2SS,CONVERT,
VCVTSS2SD,CONVERT,
VCVTSS2SI,CONVERT,
VCVTTPD2DQ,CONVERT,
VCVTTPS2DQ,CONVERT,
VCVTTSD2SI,CONVERT,
VCVTTSS2SI,CONVERT,
VDIVPD,AVX,
VDIVPS,AVX,
VDIVSD,AVX,
VDIVSS,AVX,
VDPPD,AVX,
VDPPS,AVX,
VEXTRACTF128,AVX,
VEXTRACTPS,AVX,
VHADDPD,AVX,
VHADDPS,AVX,
VHSUBPD,AVX,
VHSUBPS,AVX,
VINSERTF128,AVX,
VINSERTPS,AVX,
VLDDQU,AVX,
VLDMXCSR,AVX,
VMASKMOVDQU,AVX,
VMASKMOVPD,AVX,
VMASKMOVPS,AVX,
VMAXPD,AVX,
VMAXPS,AVX,
VMAXSD,AVX,
VMAXSS,AVX,
VMINPD,AVX,
VMINPS,AVX,
VMINSD,AVX,
VMINSS,AVX,
VMOVAPD,DATAXFER,
VMOVAPD {load},DATAXFER,
VMOVAPD {store},DATAXFER,
VMOVAPS,DATAXFER,
VMOVAPS {load},DATAXFER,
VMOVAPS {store},DATAXFER,
VMOVD,DATAXFER,
VMOVDDUP,DATAXFER,
VMOVDQA,DATAXFER,
VMOVDQA {load},DATAXFER,
VMOVDQA {store},DATAXFER,
VMOVDQU,DATAXFER,
VMOVDQU {load},DATAXFER,
VMOVDQU {store},DATAXFER,
VMOVHLPS,DATAXFER,
VMOVHPD,DATAXFER,
VMOVHPS,DATAXFER,
VMOVLHPS,DATAXFER,
VMOVLPD,DATAXFER,
VMOVLPS,DATAXFER,
VMOVMSKPD,DATAXFER,
VMOVMSKPS,DATAXFER,
VMOVNTDQ,DATAXFER,
VMOVNTDQA,DATAXFER,
VMOVNTPD,DATAXFER,
VMOVNTPS,DATAXFER,
VMOVQ,DATAXFER,
VMOVQ {load},DATAXFER,
VMOVQ {store},DATAXFER,
VMOVSD,DATAXFER,
VMOVSD {load},DATAXFER,
VMOVSD {store},DATAXFER,
VMOVSHDUP,DATAXFER,
VMOVSLDUP,DATAXFER,
VMOVSS,DATAXFER,
VMOVSS {load},DATAXFER,
VMOVSS {store},DATAXFER,
VMOVUPD,DATAXFER,
VMOVUPD {load},DATAXFER,
VMOVUPD {store},DATAXFER,
VMOVUPS,DATAXFER,
VMOVUPS {load},DATAXFER,
VMOVUPS {store},DATAXFER,
VMPSADBW,AVX,
VMULPD,AVX,
VMULPS,AVX,
VMULSD,AVX,
VMULSS,AVX,
VORPD,LOGICAL_FP,
VORPS,LOGICAL_FP,
VPABSB,AVX,
VPABSD,AVX,
VPABSW,AVX,
VPACKSSDW,AVX,
VPACKSSWB,AVX,
VPACKUSDW,AVX,
VPACKUSWB,AVX,
VPADDB,AVX,
VPADDD,AVX,
VPADDQ,AVX,
VPADDSB,AVX,
VPADDSW,AVX,
VPADDUSB,AVX,
VPADDUSW,AVX,
VPADDW,AVX,
VPALIGNR,AVX,
VPAND,LOGICAL,
VPANDN,LOGICAL,
VPAVGB,AVX,
VPAVGW,AVX,
VPBLENDVB,AVX,
VPBLENDW,AVX,
VPCLMULQDQ,AVX,
VPCMPEQB,AVX,
VPCMPEQD,AVX,
VPCMPEQQ,AVX,
VPCMPEQW,AVX,
VPCMPESTRI,STTNI,
VPCMPESTRIQ,STTNI,
VPCMPESTRM,STTNI,
VPCMPESTRMQ,STTNI,
VPCMPGTB,AVX,
VPCMPGTD,AVX,
VPCMPGTQ,AVX,
VPCMPGTW,AVX,
VPCMPISTRI,STTNI,
VPCMPISTRM,STTNI,
VPERM2F128,AVX,
VPERMILPD,AVX,
VPERMILPS,AVX,
VPEXTRB,AVX,
VPEXTRD,AVX,
VPEXTRQ,AVX,
VPEXTRW,AVX,
VPHADDD,AVX,
VPHADDSW,AVX,
VPHADDW,AVX,
VPHMINPOSUW,AVX,
VPHSUBD,AVX,
VPHSUBSW,AVX,
VPHSUBW,AVX,
VPINSRB,AVX,
VPINSRD,AVX,
VPINSRQ,AVX,
VPINSRW,AVX,
VPMADDUBSW,AVX,
VPMADDWD,AVX,
VPMAXSB,AVX,
VPMAXSD,AVX,
VPMAXSW,AVX,
VPMAXUB,AVX,
VPMAXUD,AVX,
VPMAXUW,AVX,
VPMINSB,AVX,
VPMINSD,AVX,
VPMINSW,AVX,
VPMINUB,AVX,
VPMINUD,AVX,
VPMINUW,AVX,
VPMOVMSKB,AVX,
VPMOVSXBD,AVX,
VPMOVSXBQ,AVX,
VPMOVSXBW,AVX,
VPMOVSXDQ,AVX,
VPMOVSXWD,AVX,
VPMOVSXWQ,AVX,
VPMOVZXBD,AVX,
VPMOVZXBQ,AVX,
VPMOVZXBW,AVX,
VPMOVZXDQ,AVX,
VPMOVZXWD,AVX,
VPMOVZXWQ,AVX,
VPMULDQ,AVX,
VPMULHRSW,AVX,
VPMULHUW,AVX,
VPMULHW,AVX,
VPMULLD,AVX,
VPMULLW,AVX,
VPMULUDQ,AVX,
VPOR,LOGICAL,
VPSADBW,AVX,
VPSHUFB,AVX,
VPSHUFD,AVX,
VPSHUFHW,AVX,
VPSHUFLW,AVX,
VPSIGNB,AVX,
VPSIGND,AVX,
VPSIGNW,AVX,
VPSLLD,AVX,
VPSLLDQ,AVX,
VPSLLQ,AVX,
VPSLLW,AVX,
VPSRAD,AVX,
VPSRAW,AVX,
VPSRLD,AVX,
VPSRLDQ,AVX,
VPSRLQ,AVX,
VPSRLW,AVX,
VPSUBB,AVX,
VPSUBD,AVX,
VPSUBQ,AVX,
VPSUBSB,AVX,
VPSUBSW,AVX,
VPSUBUSB,AVX,
VPSUBUSW,AVX,
VPSUBW,AVX,
VPTEST,LOGICAL,
VPUNPCKHBW,AVX,
VPUNPCKHDQ,AVX,
VPUNPCKHQDQ,AVX,
VPUNPCKHWD,AVX,
VPUNPCKLBW,AVX,
VPUNPCKLDQ,AVX,
VPUNPCKLQDQ,AVX,
VPUNPCKLWD,AVX,
VPXOR,LOGICAL,
VRCPPS,AVX,
VRCPSS,AVX,
VROUNDPD,AVX,
VROUNDPS,AVX,
VROUNDSD,AVX,
VROUNDSS,AVX,
VRSQRTPS,AVX,
VRSQRTSS,AVX,
VSHUFPD,AVX,
VSHUFPS,AVX,
VSQRTPD,AVX,
VSQRTPS,AVX,
VSQRTSD,AVX,
VSQRTSS,AVX,
VSTMXCSR,AVX,
VSUBPD,AVX,
VSUBPS,AVX,
VSUBSD,AVX,
VSUBSS,AVX,
VTESTPD,LOGICAL_FP,
VTESTPS,LOGICAL_FP,
VUCOMISD,AVX,
VUCOMISS,AVX,
VUNPCKHPD,AVX,
VUNPCKHPS,AVX,
VUNPCKLPD,AVX,
VUNPCKLPS,AVX,
VXORPD,LOGICAL_FP,
VXORPS,LOGICAL_FP,
VZEROALL,AVX,
VZEROUPPER,AVX,
VBROADCASTI128,BROADCAST,
VEXTRACTI128,AVX2,
VINSERTI128,AVX2,
VMPSADBW,AVX2,
VPABSB,AVX2,
VPABSD,AVX2,
VPABSW,AVX2,
VPACKSSDW,AVX2,
VPACKSSWB,AVX2,
VPACKUSDW,AVX2,
VPACKUSWB,AVX2,
VPADDB,AVX2,
VPADDD,AVX2,
VPADDQ,AVX2,
VPADDSB,AVX2,
VPADDSW,AVX2,
VPADDUSB,AVX2,
VPADDUSW,AVX2,
VPADDW,AVX2,
VPALIGNR,AVX2,
VPAVGB,AVX2,
VPAVGW,AVX2,
VPBLENDD,AVX2,
VPBLENDVB,AVX2,
VPBLENDW,AVX2,
VPBROADCASTB,BROADCAST,
VPBROADCASTD,BROADCAST,
VPBROADCASTQ,BROADCAST,
VPBROADCASTW,BROADCAST,
VPCMPEQB,AVX2,
VPCMPEQD,AVX2,
VPCMPEQQ,AVX2,
VPCMPEQW,AVX2,
VPCMPGTB,AVX2,
VPCMPGTD,AVX2,
VPCMPGTQ,AVX2,
VPCMPGTW,AVX2,
VPERM2I128,AVX2,
VPERMD,AVX2,
VPERMPD,AVX2,
VPERMPS,AVX2,
VPERMQ,AVX2,
VPHADDD,AVX2,
VPHADDSW,AVX2,
VPHADDW,AVX2,
VPHSUBD,AVX2,
VPHSUBSW,AVX2,
VPHSUBW,AVX2,
VPMADDUBSW,AVX2,
VPMADDWD,AVX2,
VPMASKMOVD,AVX2,
VPMASKMOVQ,AVX2,
VPMAXSB,AVX2,
VPMAXSD,AVX2,
VPMAXSW,AVX2,
VPMAXUB,AVX2,
VPMAXUD,AVX2,
VPMAXUW,AVX2,
VPMINSB,AVX2,
VPMINSD,AVX2,
VPMINSW,AVX2,
VPMINUB,AVX2,
VPMINUD,AVX2,
VPMINUW,AVX2,
VPMOVMSKB,AVX2,
VPMOVSXBD,AVX2,
VPMOVSXBQ,AVX2,
VPMOVSXBW,AVX2,
VPMOVSXDQ,AVX2,
VPMOVSXWD,AVX2,
VPMOVSXWQ,AVX2,
VPMOVZXBD,AVX2,
VPMOVZXBQ,AVX2,
VPMOVZXBW,AVX2,
VPMOVZXDQ,AVX2,
VPMOVZXWD,AVX2,
VPMOVZXWQ,AVX2,
VPMULDQ,AVX2,
VPMULHRSW,AVX2,
VPMULHUW,AVX2,
VPMULHW,AVX2,
VPMULLD,AVX2,
VPMULLW,AVX2,
VPMULUDQ,AVX2,
VPSADBW,AVX2,
VPSHUFB,AVX2,
VPSHUFD,AVX2,
VPSHUFHW,AVX2,
VPSHUFLW,AVX2,
VPSIGNB,AVX2,
VPSIGND,AVX2,
VPSIGNW,AVX2,
VPSLLD,AVX2,
VPSLLDQ,AVX2,
VPSLLQ,AVX2,
VPSLLVD,AVX2,
VPSLLVQ,AVX2,
VPSLLW,AVX2,
VPSRAD,AVX2,
VPSRAVD,AVX2,
VPSRAW,AVX2,
VPSRLD,AVX2,
VPSRLDQ,AVX2,
VPSRLQ,AVX2,
VPSRLVD,AVX2,
VPSRLVQ,AVX2,
VPSRLW,AVX2,
VPSUBB,AVX2,
VPSUBD,AVX2,
VPSUBQ,AVX2,
VPSUBSB,AVX2,
VPSUBSW,AVX2,
VPSUBUSB,AVX2,
VPSUBUSW,AVX2,
VPSUBW,AVX2,
VPUNPCKHBW,AVX2,
VPUNPCKHDQ,AVX2,
VPUNPCKHQDQ,AVX2,
VPUNPCKHWD,AVX2,
VPUNPCKLBW,AVX2,
VPUNPCKLDQ,AVX2,
VPUNPCKLQDQ,AVX2,
VPUNPCKLWD,AVX2,
VGATHERDPD,AVX2GATHER,
VGATHERDPS,AVX2GATHER,
VGATHERQPD,AVX2GATHER,
VGATHERQPS,AVX2GATHER,
VPGATHERDD,AVX2GATHER,
VPGATHERDQ,AVX2GATHER,
VPGATHERQD,AVX2GATHER,
VPGATHERQQ,AVX2GATHER,
V4FMADDPS,AVX512_4FMAPS,
V4FMADDSS,AVX512_4FMAPS,
V4FNMADDPS,AVX512_4FMAPS,
V4FNMADDSS,AVX512_4FMAPS,
VADDPD,AVX512,
VADDPD {evex},AVX512,
VADDPH,FP16,
VADDPS,AVX512,
VADDPS {evex},AVX512,
VADDSD {evex},AVX512,
VADDSD,AVX512,
VADDSH,FP16,
VADDSS {evex},AVX512,
VADDSS,AVX512,
VAESDEC {evex},VAES,
VAESDEC,VAES,
VAESDECLAST {evex},VAES,
VAESDECLAST,VAES,
VAESENC {evex},VAES,
VAESENC,VAES,
VAESENCLAST {evex},VAES,
VAESENCLAST,VAES,
VALIGND,AVX512,
VALIGNQ,AVX512,
VANDNPD {evex},LOGICAL_FP,
VANDNPS {evex},LOGICAL_FP,
VANDPD {evex},LOGICAL_FP,
VANDPS {evex},LOGICAL_FP,
VBLENDMPD,BLEND,
VBLENDMPS,BLEND,
VBROADCASTF32X2,BROADCAST,
VBROADCASTF32X4,BROADCAST,
VBROADCASTF32X8,BROADCAST,
VBROADCASTF64X2,BROADCAST,
VBROADCASTF64X4,BROADCAST,
VBROADCASTI32X2,BROADCAST,
VBROADCASTI32X4,BROADCAST,
VBROADCASTI32X8,BROADCAST,
VBROADCASTI64X2,BROADCAST,
VBROADCASTI64X4,BROADCAST,
VBROADCASTSD {evex},BROADCAST,
VBROADCASTSS {evex},BROADCAST,
VCMPPD,AVX512,
VCMPPD {evex},AVX512,
VCMPPH,FP16,
VCMPPS,AVX512,
VCMPPS {evex},AVX512,
VCMPSD {evex},AVX512,
VCMPSD,AVX512,
VCMPSH,FP16,
VCMPSS {evex},AVX512,
VCMPSS,AVX512,
VCOMISD {evex},AVX512,
VCOMISH,FP16,
VCOMISS {evex},AVX512,
VCOMPRESSPD,COMPRESS,
VCOMPRESSPS,COMPRESS,
VCVTDQ2PD {evex},CONVERT,
VCVTDQ2PH,CONVERT,
VCVTDQ2PS {evex},CONVERT,
VCVTNE2PS2BF16,CONVERT,
VCVTNEPS2BF16,CONVERT,
VCVTPD2DQ {evex},CONVERT,
VCVTPD2PH,CONVERT,
VCVTPD2PS {evex},CONVERT,
VCVTPD2QQ,CONVERT,
VCVTPD2UDQ,CONVERT,
VCVTPD2UQQ,CONVERT,
VCVTPH2DQ,CONVERT,
VCVTPH2PD,CONVERT,
VCVTPH2PS,CONVERT,
VCVTPH2PS {evex},CONVERT,
VCVTPH2PSX,CONVERT,
VCVTPH2QQ,CONVERT,
VCVTPH2UDQ,CONVERT,
VCVTPH2UQQ,CONVERT,
VCVTPH2UW,CONVERT,
VCVTPH2W,CONVERT,
VCVTPS2DQ {evex},CONVERT,
VCVTPS2PD {evex},CONVERT,
VCVTPS2PH,CONVERT,
VCVTPS2PH {evex},CONVERT,
VCVTPS2PHX,CONVERT,
VCVTPS2QQ,CONVERT,
VCVTPS2UDQ,CONVERT,
VCVTPS2UQQ,CONVERT,
VCVTQQ2PD,CONVERT,
VCVTQQ2PH,CONVERT,
VCVTQQ2PS,CONVERT,
VCVTSD2SH,CONVERT,
VCVTSD2SI {evex},CONVERT,
VCVTSD2SS {evex},CONVERT,
VCVTSD2USI,CONVERT,
VCVTSH2SD,CONVERT,
VCVTSH2SI,CONVERT,
VCVTSH2SS,CONVERT,
VCVTSH2USI,CONVERT,
VCVTSI2SD {evex},CONVERT,
VCVTSI2SH,CONVERT,
VCVTSI2SS {evex},CONVERT,
VCVTSS2SD {evex},CONVERT,
VCVTSS2SH,CONVERT,
VCVTSS2SI {evex},CONVERT,
VCVTSS2USI,CONVERT,
VCVTTPD2DQ {evex},CONVERT,
VCVTTPD2QQ,CONVERT,
VCVTTPD2UDQ,CONVERT,
VCVTTPD2UQQ,CONVERT,
VCVTTPH2DQ,CONVERT,
VCVTTPH2QQ,CONVERT,
VCVTTPH2UDQ,CONVERT,
VCVTTPH2UQQ,CONVERT,
VCVTTPH2UW,CONVERT,
VCVTTPH2W,CONVERT,
VCVTTPS2DQ {evex},CONVERT,
VCVTTPS2QQ,CONVERT,
VCVTTPS2UDQ,CONVERT,
VCVTTPS2UQQ,CONVERT,
VCVTTSD2SI {evex},CONVERT,
VCVTTSD2USI,CONVERT,
VCVTTSH2SI,CONVERT,
VCVTTSH2USI,CONVERT,
VCVTTSS2SI {evex},CONVERT,
VCVTTSS2USI,CONVERT,
VCVTUDQ2PD,CONVERT,
VCVTUDQ2PH,CONVERT,
VCVTUDQ2PS,CONVERT,
VCVTUQQ2PD,CONVERT,
VCVTUQQ2PH,CONVERT,
VCVTUQQ2PS,CONVERT,
VCVTUSI2SD,CONVERT,
VCVTUSI2SH,CONVERT,
VCVTUSI2SS,CONVERT,
VCVTUW2PH,CONVERT,
VCVTW2PH,CONVERT,
VDBPSADBW,AVX512,
VDIVPD,AVX512,
VDIVPD {evex},AVX512,
VDIVPH,FP16,
VDIVPS,AVX512,
VDIVPS {evex},AVX512,
VDIVSD {evex},AVX512,
VDIVSD,AVX512,
VDIVSH,FP16,
VDIVSS {evex},AVX512,
VDIVSS,AVX512,
VDPBF16PS,AVX512,
VEXP2PD,AVX512,
VEXP2PS,AVX512,
VEXPANDPD,EXPAND,
VEXPANDPS,EXPAND,
VEXTRACTF32X4,AVX512,
VEXTRACTF32X8,AVX512,
VEXTRACTF64X2,AVX512,
VEXTRACTF64X4,AVX512,
VEXTRACTI32X4,AVX512,
VEXTRACTI32X8,AVX512,
VEXTRACTI64X2,AVX512,
VEXTRACTI64X4,AVX512,
VEXTRACTPS {evex},AVX512,
VFCMADDCPH,FP16,
VFCMADDCSH,FP16,
VFCMULCPH,FP16,
VFCMULCSH,FP16,
VFIXUPIMMPD,AVX512,
VFIXUPIMMPS,AVX512,
VFIXUPIMMSD,AVX512,
VFIXUPIMMSS,AVX512,
VFMADD132PD,VFMA,
VFMADD132PD {evex},VFMA,
VFMADD132PH,FP16,
VFMADD132PS,VFMA,
VFMADD132PS {evex},VFMA,
VFMADD132SD {evex},VFMA,
VFMADD132SD,VFMA,
VFMADD132SH,FP16,
VFMADD132SS {evex},VFMA,
VFMADD132SS,VFMA,
VFMADD213PD,VFMA,
VFMADD213PD {evex},VFMA,
VFMADD213PH,FP16,
VFMADD213PS,VFMA,
VFMADD213PS {evex},VFMA,
VFMADD213SD {evex},VFMA,
VFMADD213SD,VFMA,
VFMADD213SH,FP16,
VFMADD213SS {evex},VFMA,
VFMADD213SS,VFMA,
VFMADD231PD,VFMA,
VFMADD231PD {evex},VFMA,
VFMADD231PH,FP16,
VFMADD231PS,VFMA,
VFMADD231PS {evex},VFMA,
VFMADD231SD {evex},VFMA,
VFMADD231SD,VFMA,
VFMADD231SH,FP16,
VFMADD231SS {evex},VFMA,
VFMADD231SS,VFMA,
VFMADDCPH,FP16,
VFMADDCSH,FP16,
VFMADDSUB132PD,VFMA,
VFMADDSUB132PD {evex},VFMA,
VFMADDSUB132PH,FP16,
VFMADDSUB132PS,VFMA,
VFMADDSUB132PS {evex},VFMA,
VFMADDSUB213PD,VFMA,
VFMADDSUB213PD {evex},VFMA,
VFMADDSUB213PH,FP16,
VFMADDSUB213PS,VFMA,
VFMADDSUB213PS {evex},VFMA,
VFMADDSUB231PD,VFMA,
VFMADDSUB231PD {evex},VFMA,
VFMADDSUB231PH,FP16,
VFMADDSUB231PS,VFMA,
VFMADDSUB231PS {evex},VFMA,
VFMSUB132PD,VFMA,
VFMSUB132PD {evex},VFMA,
VFMSUB132PH,FP16,
VFMSUB132PS,VFMA,
VFMSUB132PS {evex},VFMA,
VFMSUB132SD {evex},VFMA,
VFMSUB132SD,VFMA,
VFMSUB132SH,FP16,
VFMSUB132SS {evex},VFMA,
VFMSUB132SS,VFMA,
VFMSUB213PD,VFMA,
VFMSUB213PD {evex},VFMA,
VFMSUB213PH,FP16,
VFMSUB213PS,VFMA,
VFMSUB213PS {evex},VFMA,
VFMSUB213SD {evex},VFMA,
VFMSUB213SD,VFMA,
VFMSUB213SH,FP16,
VFMSUB213SS {evex},VFMA,
VFMSUB213SS,VFMA,
VFMSUB231PD,VFMA,
VFMSUB231PD {evex},VFMA,
VFMSUB231PH,FP16,
VFMSUB231PS,VFMA,
VFMSUB231PS {evex},VFMA,
VFMSUB231SD {evex},VFMA,
VFMSUB231SD,VFMA,
VFMSUB231SH,FP16,
VFMSUB231SS {evex},VFMA,
VFMSUB231SS,VFMA,
VFMSUBADD132PD,VFMA,
VFMSUBADD132PD {evex},VFMA,
VFMSUBADD132PH,FP16,
VFMSUBADD132PS,VFMA,
VFMSUBADD132PS {evex},VFMA,
VFMSUBADD213PD,VFMA,
VFMSUBADD213PD {evex},VFMA,
VFMSUBADD213PH,FP16,
VFMSUBADD213PS,VFMA,
VFMSUBADD213PS {evex},VFMA,
VFMSUBADD231PD,VFMA,
VFMSUBADD231PD {evex},VFMA,
VFMSUBADD231PH,FP16,
VFMSUBADD231PS,VFMA,
VFMSUBADD231PS {evex},VFMA,
VFMULCPH,FP16,
VFMULCSH,FP16,
VFNMADD132PD,VFMA,
VFNMADD132PD {evex},VFMA,
VFNMADD132PH,FP16,
VFNMADD132PS,VFMA,
VFNMADD132PS {evex},VFMA,
VFNMADD132SD {evex},VFMA,
VFNMADD132SD,VFMA,
VFNMADD132SH,FP16,
VFNMADD132SS {evex},VFMA,
VFNMADD132SS,VFMA,
VFNMADD213PD,VFMA,
VFNMADD213PD {evex},VFMA,
VFNMADD213PH,FP16,
VFNMADD213PS,VFMA,
VFNMADD213PS {evex},VFMA,
VFNMADD213SD {evex},VFMA,
VFNMADD213SD,VFMA,
VFNMADD213SH,FP16,
VFNMADD213SS {evex},VFMA,
VFNMADD213SS,VFMA,
VFNMADD231PD,VFMA,
VFNMADD231PD {evex},VFMA,
VFNMADD231PH,FP16,
VFNMADD231PS,VFMA,
VFNMADD231PS {evex},VFMA,
VFNMADD231SD {evex},VFMA,
VFNMADD231SD,VFMA,
VFNMADD231SH,FP16,
VFNMADD231SS {evex},VFMA,
VFNMADD231SS,VFMA,
VFNMSUB132PD,VFMA,
VFNMSUB132PD {evex},VFMA,
VFNMSUB132PH,FP16,
VFNMSUB132PS,VFMA,
VFNMSUB132PS {evex},VFMA,
VFNMSUB132SD {evex},VFMA,
VFNMSUB132SD,VFMA,
VFNMSUB132SH,FP16,
VFNMSUB132SS {evex},VFMA,
VFNMSUB132SS,VFMA,
VFNMSUB213PD,VFMA,
VFNMSUB213PD {evex},VFMA,
VFNMSUB213PH,FP16,
VFNMSUB213PS,VFMA,
VFNMSUB213PS {evex},VFMA,
VFNMSUB213SD {evex},VFMA,
VFNMSUB213SD,VFMA,
VFNMSUB213SH,FP16,
VFNMSUB213SS {evex},VFMA,
VFNMSUB213SS,VFMA,
VFNMSUB231PD,VFMA,
VFNMSUB231PD {evex},VFMA,
VFNMSUB231PH,FP16,
VFNMSUB231PS,VFMA,
VFNMSUB231PS {evex},VFMA,
VFNMSUB231SD {evex},VFMA,
VFNMSUB231SD,VFMA,
VFNMSUB231SH,FP16,
VFNMSUB231SS {evex},VFMA,
VFNMSUB231SS,VFMA,
VFPCLASSPD,AVX512,
VFPCLASSPH,FP16,
VFPCLASSPS,AVX512,
VFPCLASSSD,AVX512,
VFPCLASSSH,FP16,
VFPCLASSSS,AVX512,
VGATHERDPD,GATHER,
VGATHERDPS,GATHER,
VGATHERPF0DPD,GATHER,
VGATHERPF0DPS,GATHER,
VGATHERPF0QPD,GATHER,
VGATHERPF0QPS,GATHER,
VGATHERPF1DPD,GATHER,
VGATHERPF1DPS,GATHER,
VGATHERPF1QPD,GATHER,
VGATHERPF1QPS,GATHER,
VGATHERQPD,GATHER,
VGATHERQPS,GATHER,
VGETEXPPD,AVX512,
VGETEXPPH,FP16,
VGETEXPPS,AVX512,
VGETEXPSD,AVX512,
VGETEXPSH,FP16,
VGETEXPSS,AVX512,
VGETMANTPD,AVX512,
VGETMANTPH,FP16,
VGETMANTPS,AVX512,
VGETMANTSD,AVX512,
VGETMANTSH,FP16,
VGETMANTSS,AVX512,
VGF2P8AFFINEINVQB {evex},GFNI,
VGF2P8AFFINEINVQB,GFNI,
VGF2P8AFFINEQB {evex},GFNI,
VGF2P8AFFINEQB,GFNI,
VGF2P8MULB {evex},GFNI,
VGF2P8MULB,GFNI,
VINSERTF32X4,AVX512,
VINSERTF32X8,AVX512,
VINSERTF64X2,AVX512,
VINSERTF64X4,AVX512,
VINSERTI32X4,AVX512,
VINSERTI32X8,AVX512,
VINSERTI64X2,AVX512,
VINSERTI64X4,AVX512,
VINSERTPS {evex},AVX512,
VMAXPD,AVX512,
VMAXPD {evex},AVX512,
VMAXPH,FP16,
VMAXPS,AVX512,
VMAXPS {evex},AVX512,
VMAXSD {evex},AVX512,
VMAXSD,AVX512,
VMAXSH,FP16,
VMAXSS {evex},AVX512,
VMAXSS,AVX512,
VMINPD,AVX512,
VMINPD {evex},AVX512,
VMINPH,FP16,
VMINPS,AVX512,
VMINPS {evex},AVX512,
VMINSD {evex},AVX512,
VMINSD,AVX512,
VMINSH,FP16,
VMINSS {evex},AVX512,
VMINSS,AVX512,
VMOVAPD {evex},DATAXFER,
VMOVAPS {evex},DATAXFER,
VMOVD {evex},DATAXFER,
VMOVDDUP {evex},DATAXFER,
VMOVDQA32,DATAXFER,
VMOVDQA64,DATAXFER,
VMOVDQU16,DATAXFER,
VMOVDQU32,DATAXFER,
VMOVDQU64,DATAXFER,
VMOVDQU8,DATAXFER,
VMOVHLPS {evex},DATAXFER,
VMOVHPD {evex},DATAXFER,
VMOVHPS {evex},DATAXFER,
VMOVLHPS {evex},DATAXFER,
VMOVLPD {evex},DATAXFER,
VMOVLPS {evex},DATAXFER,
VMOVNTDQ {evex},DATAXFER,
VMOVNTDQA {evex},DATAXFER,
VMOVNTPD {evex},DATAXFER,
VMOVNTPS {evex},DATAXFER,
VMOVQ {evex},DATAXFER,
VMOVSD {evex},DATAXFER,
VMOVSH,DATAXFER,
VMOVSHDUP {evex},DATAXFER,
VMOVSLDUP {evex},DATAXFER,
VMOVSS {evex},DATAXFER,
VMOVUPD {evex},DATAXFER,
VMOVUPS {evex},DATAXFER,
VMOVW,DATAXFER,
VMULPD,AVX512,
VMULPD {evex},AVX512,
VMULPH,FP16,
VMULPS,AVX512,
VMULPS {evex},AVX512,
VMULSD {evex},AVX512,
VMULSD,AVX512,
VMULSH,FP16,
VMULSS {evex},AVX512,
VMULSS,AVX512,
VORPD {evex},LOGICAL_FP,
VORPS {evex},LOGICAL_FP,
VP2INTERSECTD,AVX512_VP2INTERSECT,
VP2INTERSECTQ,AVX512_VP2INTERSECT,
VP4DPWSSD,AVX512_4VNNIW,
VP4DPWSSDS,AVX512_4VNNIW,
VPABSB {evex},AVX512,
VPABSB,AVX512,
VPABSD,AVX512,
VPABSD {evex},AVX512,
VPABSQ,AVX512,
VPABSW {evex},AVX512,
VPABSW,AVX512,
VPACKSSDW {evex},AVX512,
VPACKSSDW,AVX512,
VPACKSSWB {evex},AVX512,
VPACKSSWB,AVX512,
VPACKUSDW {evex},AVX512,
VPACKUSDW,AVX512,
VPACKUSWB {evex},AVX512,
VPACKUSWB,AVX512,
VPADDB {evex},AVX512,
VPADDB,AVX512,
VPADDD,AVX512,
VPADDD {evex},AVX512,
VPADDQ,AVX512,
VPADDQ {evex},AVX512,
VPADDSB {evex},AVX512,
VPADDSB,AVX512,
VPADDSW {evex},AVX512,
VPADDSW,AVX512,
VPADDUSB {evex},AVX512,
VPADDUSB,AVX512,
VPADDUSW {evex},AVX512,
VPADDUSW,AVX512,
VPADDW {evex},AVX512,
VPADDW,AVX512,
VPALIGNR {evex},AVX512,
VPALIGNR,AVX512,
VPANDD,LOGICAL,
VPANDND,LOGICAL,
VPANDNQ,LOGICAL,
VPANDQ,LOGICAL,
VPAVGB {evex},AVX512,
VPAVGB,AVX512,
VPAVGW {evex},AVX512,
VPAVGW,AVX512,
VPBLENDMB,BLEND,
VPBLENDMD,BLEND,
VPBLENDMQ,BLEND,
VPBLENDMW,BLEND,
VPBROADCASTB {evex},BROADCAST,
VPBROADCASTD {evex},BROADCAST,
VPBROADCASTMB2Q,BROADCAST,
VPBROADCASTMW2D,BROADCAST,
VPBROADCASTQ {evex},BROADCAST,
VPBROADCASTW {evex},BROADCAST,
VPCLMULQDQ {evex},VPCLMULQDQ,
VPCLMULQDQ,VPCLMULQDQ,
VPCMPB,AVX512,
VPCMPD,AVX512,
VPCMPEQB {evex},AVX512,
VPCMPEQB,AVX512,
VPCMPEQD,AVX512,
VPCMPEQD {evex},AVX512,
VPCMPEQQ,AVX512,
VPCMPEQQ {evex},AVX512,
VPCMPEQW {evex},AVX512,
VPCMPEQW,AVX512,
VPCMPGTB {evex},AVX512,
VPCMPGTB,AVX512,
VPCMPGTD,AVX512,
VPCMPGTD {evex},AVX512,
VPCMPGTQ,AVX512,
VPCMPGTQ {evex},AVX512,
VPCMPGTW {evex},AVX512,
VPCMPGTW,AVX512,
VPCMPQ,AVX512,
VPCMPUB,AVX512,
VPCMPUD,AVX512,
VPCMPUQ,AVX512,
VPCMPUW,AVX512,
VPCMPW,AVX512,
VPCOMPRESSB,COMPRESS,
VPCOMPRESSD,COMPRESS,
VPCOMPRESSQ,COMPRESS,
VPCOMPRESSW,COMPRESS,
VPCONFLICTD,CONFLICT,
VPCONFLICTQ,CONFLICT,
VPDPBUSD {evex},AVX512,
VPDPBUSD,AVX512,
VPDPBUSDS {evex},AVX512,
VPDPBUSDS,AVX512,
VPDPWSSD {evex},AVX512,
VPDPWSSD,AVX512,
VPDPWSSDS {evex},AVX512,
VPDPWSSDS,AVX512,
VPERMB,AVX512_VBMI,
VPERMD,AVX512,
VPERMD {evex},AVX512,
VPERMI2B,AVX512_VBMI,
VPERMI2D,AVX512,
VPERMI2PD,AVX512,
VPERMI2PS,AVX512,
VPERMI2Q,AVX512,
VPERMI2W,AVX512,
VPERMILPD,AVX512,
VPERMILPD {evex},AVX512,
VPERMILPS,AVX512,
VPERMILPS {evex},AVX512,
VPERMPD,AVX512,
VPERMPD {evex},AVX512,
VPERMPS,AVX512,
VPERMPS {evex},AVX512,
VPERMQ,AVX512,
VPERMQ {evex},AVX512,
VPERMT2B,AVX512_VBMI,
VPERMT2D,AVX512,
VPERMT2PD,AVX512,
VPERMT2PS,AVX512,
VPERMT2Q,AVX512,
VPERMT2W,AVX512,
VPERMW,AVX512,
VPEXPANDB,EXPAND,
VPEXPANDD,EXPAND,
VPEXPANDQ,EXPAND,
VPEXPANDW,EXPAND,
VPEXTRB {evex},AVX512,
VPEXTRD {evex},AVX512,
VPEXTRQ {evex},AVX512,
VPEXTRW {evex},AVX512,
VPGATHERDD,GATHER,
VPGATHERDQ,GATHER,
VPGATHERQD,GATHER,
VPGATHERQQ,GATHER,
VPINSRB {evex},AVX512,
VPINSRD {evex},AVX512,
VPINSRQ {evex},AVX512,
VPINSRW {evex},AVX512,
VPLZCNTD,CONFLICT,
VPLZCNTQ,CONFLICT,
VPMADD52HUQ,IFMA,
VPMADD52LUQ,IFMA,
VPMADDUBSW {evex},AVX512,
VPMADDUBSW,AVX512,
VPMADDWD {evex},AVX512,
VPMADDWD,AVX512,
VPMAXSB {evex},AVX512,
VPMAXSB,AVX512,
VPMAXSD,AVX512,
VPMAXSD {evex},AVX512,
VPMAXSQ,AVX512,
VPMAXSW {evex},AVX512,
VPMAXSW,AVX512,
VPMAXUB {evex},AVX512,
VPMAXUB,AVX512,
VPMAXUD,AVX512,
VPMAXUD {evex},AVX512,
VPMAXUQ,AVX512,
VPMAXUW {evex},AVX512,
VPMAXUW,AVX512,
VPMINSB {evex},AVX512,
VPMINSB,AVX512,
VPMINSD,AVX512,
VPMINSD {evex},AVX512,
VPMINSQ,AVX512,
VPMINSW {evex},AVX512,
VPMINSW,AVX512,
VPMINUB {evex},AVX512,
VPMINUB,AVX512,
VPMINUD,AVX512,
VPMINUD {evex},AVX512,
VPMINUQ,AVX512,
VPMINUW {evex},AVX512,
VPMINUW,AVX512,
VPMOVB2M,DATAXFER,
VPMOVD2M,DATAXFER,
VPMOVDB,DATAXFER,
VPMOVDW,DATAXFER,
VPMOVM2B,DATAXFER,
VPMOVM2D,DATAXFER,
VPMOVM2Q,DATAXFER,
VPMOVM2W,DATAXFER,
VPMOVQ2M,DATAXFER,
VPMOVQB,DATAXFER,
VPMOVQD,DATAXFER,
VPMOVQW,DATAXFER,
VPMOVSDB,DATAXFER,
VPMOVSDW,DATAXFER,
VPMOVSQB,DATAXFER,
VPMOVSQD,DATAXFER,
VPMOVSQW,DATAXFER,
VPMOVSWB,DATAXFER,
VPMOVSXBD,DATAXFER,
VPMOVSXBD {evex},DATAXFER,
VPMOVSXBQ,DATAXFER,
VPMOVSXBQ {evex},DATAXFER,
VPMOVSXBW {evex},DATAXFER,
VPMOVSXBW,DATAXFER,
VPMOVSXDQ,DATAXFER,
VPMOVSXDQ {evex},DATAXFER,
VPMOVSXWD,DATAXFER,
VPMOVSXWD {evex},DATAXFER,
VPMOVSXWQ,DATAXFER,
VPMOVSXWQ {evex},DATAXFER,
VPMOVUSDB,DATAXFER,
VPMOVUSDW,DATAXFER,
VPMOVUSQB,DATAXFER,
VPMOVUSQD,DATAXFER,
VPMOVUSQW,DATAXFER,
VPMOVUSWB,DATAXFER,
VPMOVW2M,DATAXFER,
VPMOVWB,DATAXFER,
VPMOVZXBD,DATAXFER,
VPMOVZXBD {evex},DATAXFER,
VPMOVZXBQ,DATAXFER,
VPMOVZXBQ {evex},DATAXFER,
VPMOVZXBW {evex},DATAXFER,
VPMOVZXBW,DATAXFER,
VPMOVZXDQ,DATAXFER,
VPMOVZXDQ {evex},DATAXFER,
VPMOVZXWD,DATAXFER,
VPMOVZXWD {evex},DATAXFER,
VPMOVZXWQ,DATAXFER,
VPMOVZXWQ {evex},DATAXFER,
VPMULDQ,AVX512,
VPMULDQ {evex},AVX512,
VPMULHRSW {evex},AVX512,
VPMULHRSW,AVX512,
VPMULHUW {evex},AVX512,
VPMULHUW,AVX512,
VPMULHW {evex},AVX512,
VPMULHW,AVX512,
VPMULLD,AVX512,
VPMULLD {evex},AVX512,
VPMULLQ,AVX512,
VPMULLW {evex},AVX512,
VPMULLW,AVX512,
VPMULTISHIFTQB,AVX512_VBMI,
VPMULUDQ,AVX512,
VPMULUDQ {evex},AVX512,
VPOPCNTB,AVX512,
VPOPCNTB,AVX512_BITALG,
VPOPCNTD,AVX512,
VPOPCNTQ,AVX512,
VPOPCNTW,AVX512,
VPOPCNTW,AVX512_BITALG,
VPORD,LOGICAL,
VPORQ,LOGICAL,
VPROLD,AVX512,
VPROLQ,AVX512,
VPROLVD,AVX512,
VPROLVQ,AVX512,
VPRORD,AVX512,
VPRORQ,AVX512,
VPRORVD,AVX512,
VPRORVQ,AVX512,
VPSADBW {evex},AVX512,
VPSADBW,AVX512,
VPSCATTERDD,SCATTER,
VPSCATTERDQ,SCATTER,
VPSCATTERQD,SCATTER,
VPSCATTERQQ,SCATTER,
VPSHLDD,VBMI2,
VPSHLDQ,VBMI2,
VPSHLDVD,VBMI2,
VPSHLDVQ,VBMI2,
VPSHLDVW,VBMI2,
VPSHLDW,VBMI2,
VPSHRDD,VBMI2,
VPSHRDQ,VBMI2,
VPSHRDVD,VBMI2,
VPSHRDVQ,VBMI2,
VPSHRDVW,VBMI2,
VPSHRDW,VBMI2,
VPSHUFB {evex},AVX512,
VPSHUFB,AVX512,
VPSHUFBITQMB,AVX512,
VPSHUFBITQMB,AVX512_BITALG,
VPSHUFD,AVX512,
VPSHUFD {evex},AVX512,
VPSHUFHW {evex},AVX512,
VPSHUFHW,AVX512,
VPSHUFLW {evex},AVX512,
VPSHUFLW,AVX512,
VPSLLD,AVX512,
VPSLLD {evex},AVX512,
VPSLLDQ {evex},AVX512,
VPSLLDQ,AVX512,
VPSLLQ,AVX512,
VPSLLQ {evex},AVX512,
VPSLLVD,AVX512,
VPSLLVD {evex},AVX512,
VPSLLVQ,AVX512,
VPSLLVQ {evex},AVX512,
VPSLLVW,AVX512,
VPSLLW {evex},AVX512,
VPSLLW,AVX512,
VPSRAD,AVX512,
VPSRAD {evex},AVX512,
VPSRAQ,AVX512,
VPSRAVD,AVX512,
VPSRAVD {evex},AVX512,
VPSRAVQ,AVX512,
VPSRAVW,AVX512,
VPSRAW {evex},AVX512,
VPSRAW,AVX512,
VPSRLD,AVX512,
VPSRLD {evex},AVX512,
VPSRLDQ {evex},AVX512,
VPSRLDQ,AVX512,
VPSRLQ,AVX512,
VPSRLQ {evex},AVX512,
VPSRLVD,AVX512,
VPSRLVD {evex},AVX512,
VPSRLVQ,AVX512,
VPSRLVQ {evex},AVX512,
VPSRLVW,AVX512,
VPSRLW {evex},AVX512,
VPSRLW,AVX512,
VPSUBB {evex},AVX512,
VPSUBB,AVX512,
VPSUBD,AVX512,
VPSUBD {evex},AVX512,
VPSUBQ,AVX512,
VPSUBQ {evex},AVX512,
VPSUBSB {evex},AVX512,
VPSUBSB,AVX512,
VPSUBSW {evex},AVX512,
VPSUBSW,AVX512,
VPSUBUSB {evex},AVX512,
VPSUBUSB,AVX512,
VPSUBUSW {evex},AVX512,
VPSUBUSW,AVX512,
VPSUBW {evex},AVX512,
VPSUBW,AVX512,
VPTERNLOGD,LOGICAL,
VPTERNLOGQ,LOGICAL,
VPTESTMB,LOGICAL,
VPTESTMD,LOGICAL,
VPTESTMQ,LOGICAL,
VPTESTMW,LOGICAL,
VPTESTNMB,LOGICAL,
VPTESTNMD,LOGICAL,
VPTESTNMQ,LOGICAL,
VPTESTNMW,LOGICAL,
VPUNPCKHBW {evex},AVX512,
VPUNPCKHBW,AVX512,
VPUNPCKHDQ,AVX512,
VPUNPCKHDQ {evex},AVX512,
VPUNPCKHQDQ,AVX512,
VPUNPCKHQDQ {evex},AVX512,
VPUNPCKHWD {evex},AVX512,
VPUNPCKHWD,AVX512,
VPUNPCKLBW {evex},AVX512,
VPUNPCKLBW,AVX512,
VPUNPCKLDQ,AVX512,
VPUNPCKLDQ {evex},AVX512,
VPUNPCKLQDQ,AVX512,
VPUNPCKLQDQ {evex},AVX512,
VPUNPCKLWD {evex},AVX512,
VPUNPCKLWD,AVX512,
VPXORD,LOGICAL,
VPXORQ,LOGICAL,
VRANGEPD,AVX512,
VRANGEPS,AVX512,
VRANGESD,AVX512,
VRANGESS,AVX512,
VRCP14PD,AVX512,
VRCP14PS,AVX512,
VRCP14SD,AVX512,
VRCP14SS,AVX512,
VRCP28PD,AVX512,
VRCP28PS,AVX512,
VRCP28SD,AVX512,
VRCP28SS,AVX512,
VRCPPH,FP16,
VRCPSH,FP16,
VREDUCEPD,AVX512,
VREDUCEPH,FP16,
VREDUCEPS,AVX512,
VREDUCESD,AVX512,
VREDUCESH,FP16,
VREDUCESS,AVX512,
VRNDSCALEPD,AVX512,
VRNDSCALEPH,FP16,
VRNDSCALEPS,AVX512,
VRNDSCALESD,AVX512,
VRNDSCALESH,FP16,
VRNDSCALESS,AVX512,
VRSQRT14PD,AVX512,
VRSQRT14PS,AVX512,
VRSQRT14SD,AVX512,
VRSQRT14SS,AVX512,
VRSQRT28PD,AVX512,
VRSQRT28PS,AVX512,
VRSQRT28SD,AVX512,
VRSQRT28SS,AVX512,
VRSQRTPH,FP16,
VRSQRTSH,FP16,
VSCALEFPD,AVX512,
VSCALEFPH,FP16,
VSCALEFPS,AVX512,
VSCALEFSD,AVX512,
VSCALEFSH,FP16,
VSCALEFSS,AVX512,
VSCATTERDPD,SCATTER,
VSCATTERDPS,SCATTER,
VSCATTERPF0DPD,SCATTER,
VSCATTERPF0DPS,SCATTER,
VSCATTERPF0QPD,SCATTER,
VSCATTERPF0QPS,SCATTER,
VSCATTERPF1DPD,SCATTER,
VSCATTERPF1DPS,SCATTER,
VSCATTERPF1QPD,SCATTER,
VSCATTERPF1QPS,SCATTER,
VSCATTERQPD,SCATTER,
VSCATTERQPS,SCATTER,
VSHUFF32X4,AVX512,
VSHUFF64X2,AVX512,
VSHUFI32X4,AVX512,
VSHUFI64X2,AVX512,
VSHUFPD,AVX512,
VSHUFPD {evex},AVX512,
VSHUFPS,AVX512,
VSHUFPS {evex},AVX512,
VSQRTPD,AVX512,
VSQRTPD {evex},AVX512,
VSQRTPH,FP16,
VSQRTPS,AVX512,
VSQRTPS {evex},AVX512,
VSQRTSD {evex},AVX512,
VSQRTSD,AVX512,
VSQRTSH,FP16,
VSQRTSS {evex},AVX512,
VSQRTSS,AVX512,
VSUBPD,AVX512,
VSUBPD {evex},AVX512,
VSUBPH,FP16,
VSUBPS,AVX512,
VSUBPS {evex},AVX512,
VSUBSD {evex},AVX512,
VSUBSD,AVX512,
VSUBSH,FP16,
VSUBSS {evex},AVX512,
VSUBSS,AVX512,
VUCOMISD {evex},AVX512,
VUCOMISH,FP16,
VUCOMISS {evex},AVX512,
VUNPCKHPD,AVX512,
VUNPCKHPD {evex},AVX512,
VUNPCKHPS,AVX512,
VUNPCKHPS {evex},AVX512,
VUNPCKLPD,AVX512,
VUNPCKLPD {evex},AVX512,
VUNPCKLPS,AVX512,
VUNPCKLPS {evex},AVX512,
VXORPD {evex},LOGICAL_FP,
VXORPS {evex},LOGICAL_FP,
KADDB,KMASK,
KADDD,KMASK,
KADDQ,KMASK,
KADDW,KMASK,
KANDB,KMASK,
KANDD,KMASK,
KANDNB,KMASK,
KANDND,KMASK,
KANDNQ,KMASK,
KANDNW,KMASK,
KANDQ,KMASK,
KANDW,KMASK,
KMOVB,KMASK,
KMOVD,KMASK,
KMOVQ,KMASK,
KMOVW,KMASK,
KNOTB,KMASK,
KNOTD,KMASK,
KNOTQ,KMASK,
KNOTW,KMASK,
KORB,KMASK,
KORD,KMASK,
KORQ,KMASK,
KORTESTB,KMASK,
KORTESTD,KMASK,
KORTESTQ,KMASK,
KORTESTW,KMASK,
KORW,KMASK,
KSHIFTLB,KMASK,
KSHIFTLD,KMASK,
KSHIFTLQ,KMASK,
KSHIFTLW,KMASK,
KSHIFTRB,KMASK,
KSHIFTRD,KMASK,
KSHIFTRQ,KMASK,
KSHIFTRW,KMASK,
KTESTB,KMASK,
KTESTD,KMASK,
KTESTQ,KMASK,
KTESTW,KMASK,
KUNPCKBW,KMASK,
KUNPCKDQ,KMASK,
KUNPCKWD,KMASK,
KXNORB,KMASK,
KXNORD,KMASK,
KXNORQ,KMASK,
KXNORW,KMASK,
KXORB,KMASK,
KXORD,KMASK,
KXORQ,KMASK,
KXORW,KMASK,
VAESDEC,AES,
VAESDECLAST,AES,
VAESENC,AES,
VAESENCLAST,AES,
VAESIMC,AES,
VAESKEYGENASSIST,AES,
VPDPBUSD {vex},VEX,
VPDPBUSDS {vex},VEX,
VPDPWSSD {vex},VEX,
VPDPWSSDS {vex},VEX,
ADC,BINARY,
ADC {load},BINARY,
ADC {store},BINARY,
LOCK ADC,BINARY,
ADD,BINARY,
ADD {load},BINARY,
ADD {store},BINARY,
LOCK ADD,BINARY,
AND,LOGICAL,
AND {load},LOGICAL,
AND {store},LOGICAL,
LOCK AND,LOGICAL,
BSF,BITBYTE,
BSR,BITBYTE,
BSWAP,DATAXFER,
BT,BITBYTE,
BTC,BITBYTE,
LOCK BTC,BITBYTE,
BTR,BITBYTE,
LOCK BTR,BITBYTE,
BTS,BITBYTE,
LOCK BTS,BITBYTE,
CALL FAR,CALL,
CALL,CALL,
CALL {disp32},CALL,
CBW,CONVERT,
CDQ,CONVERT,
CLC,FLAGOP,
CLD,FLAGOP,
CLI,FLAGOP,
CLTS,SYSTEM,
CMC,FLAGOP,
CMOVB,CMOV,
CMOVBE,CMOV,
CMOVL,CMOV,
CMOVLE,CMOV,
CMOVNB,CMOV,
CMOVNBE,CMOV,
CMOVNL,CMOV,
CMOVNLE,CMOV,
CMOVNO,CMOV,
CMOVNP,CMOV,
CMOVNS,CMOV,
CMOVNZ,CMOV,
CMOVO,CMOV,
CMOVP,CMOV,
CMOVS,CMOV,
CMOVZ,CMOV,
CMP,BINARY,
CMP {load},BINARY,
CMP {store},BINARY,
CMPSB,STRINGOP,
CMPSD,STRINGOP,
CMPSW,STRINGOP,
CMPXCHG,SEMAPHORE,
CMPXCHG8B,SEMAPHORE,
LOCK CMPXCHG8B,SEMAPHORE,
LOCK CMPXCHG,SEMAPHORE,
CPUID,MISC,
CWD,CONVERT,
CWDE,CONVERT,
DEC,BINARY,
LOCK DEC,BINARY,
DIV,BINARY,
ENTERW,MISC,
ENTER,MISC,
HLT,SYSTEM,
IDIV,BINARY,
IMUL,BINARY,
IMUL {store},BINARY,
IMUL {load},BINARY,
IN,IO,
INC,BINARY,
LOCK INC,BINARY,
INSB,IOSTRINGOP,
INSD,IOSTRINGOP,
INSW,IOSTRINGOP,
INT,INTERRUPT,
INT3,INTERRUPT,
INVD,SYSTEM,
INVLPG,SYSTEM,
IRETW,RET,
IRETD,RET,
JB,COND_BR,
JB {disp32},COND_BR,
JBE,COND_BR,
JBE {disp32},COND_BR,
JL,COND_BR,
JL {disp32},COND_BR,
JLE,COND_BR,
JLE {disp32},COND_BR,
JMP,UNCOND_BR,
JMP {disp32},UNCOND_BR,
JMP FAR,UNCOND_BR,
JNB,COND_BR,
JNB {disp32},COND_BR,
JNBE,COND_BR,
JNBE {disp32},COND_BR,
JNL,COND_BR,
JNL {disp32},COND_BR,
JNLE,COND_BR,
JNLE {disp32},COND_BR,
JNO,COND_BR,
JNO {disp32},COND_BR,
JNP,COND_BR,
JNP {disp32},COND_BR,
JNS,COND_BR,
JNS {disp32},COND_BR,
JNZ,COND_BR,
JNZ {disp32},COND_BR,
JO,COND_BR,
JO {disp32},COND_BR,
JP,COND_BR,
JP {disp32},COND_BR,
JRCXZ,COND_BR,
JS,COND_BR,
JS {disp32},COND_BR,
JZ,COND_BR,
JZ {disp32},COND_BR,
LAHF,FLAGOP,
LAR,SYSTEM,
LEA,MISC,
LEAVEW,MISC,
LEAVE,MISC,
LFS,SEGOP,
LGDT,SYSTEM,
LGS,SEGOP,
LIDT,SYSTEM,
LLDT,SYSTEM,
LMSW,SYSTEM,
LODSB,STRINGOP,
LODSD,STRINGOP,
LODSW,STRINGOP,
LOOP,COND_BR,
LOOPE,COND_BR,
LOOPNE,COND_BR,
LSL,SYSTEM,
LSS,SEGOP,
LTR,SYSTEM,
MOV,DATAXFER,
MOV {load},DATAXFER,
MOV {store},DATAXFER,
MOVSB,STRINGOP,
MOVSD,STRINGOP,
MOVSW,STRINGOP,
MOVSX,DATAXFER,
MOVZX,DATAXFER,
MUL,BINARY,
NEG,BINARY,
LOCK NEG,BINARY,
NOP,NOP,
NOP,WIDENOP,
NOT,LOGICAL,
LOCK NOT,LOGICAL,
OR,LOGICAL,
OR {load},LOGICAL,
OR {store},LOGICAL,
LOCK OR,LOGICAL,
OUT,IO,
OUTSB,IOSTRINGOP,
OUTSD,IOSTRINGOP,
OUTSW,IOSTRINGOP,
POP,POP,
POPW,POP,
POPFW,POP,
PUSH,PUSH,
PUSHW,PUSH,
PUSHFW,PUSH,
RCL,ROTATE,
RCR,ROTATE,
RDMSR,SYSTEM,
RDPMC,SYSTEM,
RDTSC,SYSTEM,
REPE CMPSB,STRINGOP,
REPE CMPSD,STRINGOP,
REPE CMPSW,STRINGOP,
REPE SCASB,STRINGOP,
REPE SCASD,STRINGOP,
REPE SCASW,STRINGOP,
REPNE CMPSB,STRINGOP,
REPNE CMPSD,STRINGOP,
REPNE CMPSW,STRINGOP,
REPNE SCASB,STRINGOP,
REPNE SCASD,STRINGOP,
REPNE SCASW,STRINGOP,
REPE INSB,IOSTRINGOP,
REPNE INSB,IOSTRINGOP,
REPE INSD,IOSTRINGOP,
REPNE INSD,IOSTRINGOP,
REPE INSW,IOSTRINGOP,
REPNE INSW,IOSTRINGOP,
REPE LODSB,STRINGOP,
REPNE LODSB,STRINGOP,
REPE LODSD,STRINGOP,
REPNE LODSD,STRINGOP,
REPE LODSW,STRINGOP,
REPNE LODSW,STRINGOP,
REPE MOVSB,STRINGOP,
REPNE MOVSB,STRINGOP,
REPE MOVSD,STRINGOP,
REPNE MOVSD,STRINGOP,
REPE MOVSW,STRINGOP,
REPNE MOVSW,STRINGOP,
REPE OUTSB,IOSTRINGOP,
REPNE OUTSB,IOSTRINGOP,
REPE OUTSD,IOSTRINGOP,
REPNE OUTSD,IOSTRINGOP,
REPE OUTSW,IOSTRINGOP,
REPNE OUTSW,IOSTRINGOP,
REPE STOSB,STRINGOP,
REPNE STOSB,STRINGOP,
REPE STOSD,STRINGOP,
REPNE STOSD,STRINGOP,
REPE STOSW,STRINGOP,
REPNE STOSW,STRINGOP,
RETFW,RET,
RETF,RET,
RETFQ,RET,
RET,RET,
ROL,ROTATE,
ROR,ROTATE,
RSM,SYSRET,
SAHF,FLAGOP,
SAR,SHIFT,
SBB,BINARY,
SBB {load},BINARY,
SBB {store},BINARY,
LOCK SBB,BINARY,
SCASB,STRINGOP,
SCASD,STRINGOP,
SCASW,STRINGOP,
SETB,SETCC,
SETBE,SETCC,
SETL,SETCC,
SETLE,SETCC,
SETNB,SETCC,
SETNBE,SETCC,
SETNL,SETCC,
SETNLE,SETCC,
SETNO,SETCC,
SETNP,SETCC,
SETNS,SETCC,
SETNZ,SETCC,
SETO,SETCC,
SETP,SETCC,
SETS,SETCC,
SETZ,SETCC,
SGDT,SYSTEM,
SHL,SHIFT,
SHLD,SHIFT,
SHLD {store},SHIFT,
SHLD {load},SHIFT,
SHR,SHIFT,
SHRD,SHIFT,
SHRD {store},SHIFT,
SHRD {load},SHIFT,
SIDT,SYSTEM,
SLDT,SYSTEM,
SMSW,SYSTEM,
STC,FLAGOP,
STD,FLAGOP,
STI,FLAGOP,
STOSB,STRINGOP,
STOSD,STRINGOP,
STOSW,STRINGOP,
STR,SYSTEM,
SUB,BINARY,
SUB {load},BINARY,
SUB {store},BINARY,
LOCK SUB,BINARY,
SYSENTER,SYSCALL,
SYSEXIT,SYSRET,
TEST,LOGICAL,
UD2,MISC,
VERR,SYSTEM,
VERW,SYSTEM,
WBINVD,SYSTEM,
WRMSR,SYSTEM,
XADD,SEMAPHORE,
LOCK XADD,SEMAPHORE,
XCHG,DATAXFER,
XLAT,MISC,
XOR,LOGICAL,
XOR {load},LOGICAL,
XOR {store},LOGICAL,
LOCK XOR,LOGICAL,
ANDN,BMI1,
BEXTR,BMI1,
BLSI,BMI1,
BLSMSK,BMI1,
BLSR,BMI1,
TZCNT,BMI1,
BZHI,BMI2,
MULX,BMI2,
PDEP,BMI2,
PEXT,BMI2,
RORX,BMI2,
SARX,BMI2,
SHLX,BMI2,
SHRX,BMI2,
CLRSSBSY,CET,
ENDBR32,CET,
ENDBR64,CET,
INCSSPD,CET,
INCSSPQ,CET,
RDSSPD,CET,
RDSSPQ,CET,
RSTORSSP,CET,
SAVEPREVSSP,CET,
SETSSBSY,CET,
WRSSD,CET,
WRSSQ,CET,
WRUSSD,CET,
WRUSSQ,CET,
CLDEMOTE,CLDEMOTE,
CLFLUSHOPT,CLFLUSHOPT,
CLFLUSH,MISC,
CLWB,CLWB,
CLZERO,CLZERO,
ENQCMD,ENQCMD,
ENQCMDS,ENQCMD,
VFMADDPD,FMA4,
VFMADDPS,FMA4,
VFMADDSD,FMA4,
VFMADDSS,FMA4,
VFMADDSUBPD,FMA4,
VFMADDSUBPS,FMA4,
VFMSUBADDPD,FMA4,
VFMSUBADDPS,FMA4,
VFMSUBPD,FMA4,
VFMSUBPS,FMA4,
VFMSUBSD,FMA4,
VFMSUBSS,FMA4,
VFNMADDPD,FMA4,
VFNMADDPS,FMA4,
VFNMADDSD,FMA4,
VFNMADDSS,FMA4,
VFNMSUBPD,FMA4,
VFNMSUBPS,FMA4,
VFNMSUBSD,FMA4,
VFNMSUBSS,FMA4,
GF2P8AFFINEINVQB,GFNI,
GF2P8AFFINEQB,GFNI,
GF2P8MULB,GFNI,
HRESET,HRESET,
INVPCID,MISC,
AESDEC128KL,KEYLOCKER,
AESDEC256KL,KEYLOCKER,
AESENC128KL,KEYLOCKER,
AESENC256KL,KEYLOCKER,
ENCODEKEY128,KEYLOCKER,
ENCODEKEY256,KEYLOCKER,
LOADIWKEY,KEYLOCKER,
AESDECWIDE128KL,KEYLOCKER_WIDE,
AESDECWIDE256KL,KEYLOCKER_WIDE,
AESENCWIDE128KL,KEYLOCKER_WIDE,
AESENCWIDE256KL,KEYLOCKER_WIDE,
CDQE,CONVERT,
CMPSQ,STRINGOP,
CMPXCHG16B,SEMAPHORE,
LOCK CMPXCHG16B,SEMAPHORE,
CQO,CONVERT,
IRETQ,RET,
LODSQ,STRINGOP,
MOVSQ,STRINGOP,
MOVSXD,DATAXFER,
POPFQ,POP,
PUSHFQ,PUSH,
REPE CMPSQ,STRINGOP,
REPE SCASQ,STRINGOP,
REPNE CMPSQ,STRINGOP,
REPNE SCASQ,STRINGOP,
REPE LODSQ,STRINGOP,
REPNE LODSQ,STRINGOP,
REPE MOVSQ,STRINGOP,
REPNE MOVSQ,STRINGOP,
REPE STOSQ,STRINGOP,
REPNE STOSQ,STRINGOP,
SCASQ,STRINGOP,
STOSQ,STRINGOP,
SWAPGS,SYSTEM,
SYSCALL,SYSCALL,
SYSRET,SYSRET,
LZCNT,LZCNT,
MCOMMIT,MISC,
EMMS,MMX,
MASKMOVQ,DATAXFER,
MOVD,DATAXFER,
MOVNTQ,DATAXFER,
MOVQ,DATAXFER,
MOVQ {load},DATAXFER,
MOVQ {store},DATAXFER,
PACKSSDW,MMX,
PACKSSWB,MMX,
PACKUSWB,MMX,
PADDB,MMX,
PADDD,MMX,
PADDSB,MMX,
PADDSW,MMX,
PADDUSB,MMX,
PADDUSW,MMX,
PADDW,MMX,
PAND,LOGICAL,
PANDN,LOGICAL,
PAVGB,MMX,
PAVGW,MMX,
PCMPEQB,MMX,
PCMPEQD,MMX,
PCMPEQW,MMX,
PCMPGTB,MMX,
PCMPGTD,MMX,
PCMPGTW,MMX,
PEXTRW,MMX,
PINSRW,MMX,
PMADDWD,MMX,
PMAXSW,MMX,
PMAXUB,MMX,
PMINSW,MMX,
PMINUB,MMX,
PMOVMSKB,MMX,
PMULHUW,MMX,
PMULHW,MMX,
PMULLW,MMX,
POR,LOGICAL,
PSADBW,MMX,
PSHUFW,MMX,
PSLLD,MMX,
PSLLQ,MMX,
PSLLW,MMX,
PSRAD,MMX,
PSRAW,MMX,
PSRLD,MMX,
PSRLQ,MMX,
PSRLW,MMX,
PSUBB,MMX,
PSUBD,MMX,
PSUBSB,MMX,
PSUBSW,MMX,
PSUBUSB,MMX,
PSUBUSW,MMX,
PSUBW,MMX,
PUNPCKHBW,MMX,
PUNPCKHDQ,MMX,
PUNPCKHWD,MMX,
PUNPCKLBW,MMX,
PUNPCKLDQ,MMX,
PUNPCKLWD,MMX,
PXOR,LOGICAL,
MONITOR,MISC,
MWAIT,MISC,
MONITORX,MISC,
MWAITX,MISC,
MOVBE,DATAXFER,
MOVDIR64B,MOVDIR,
MOVDIRI,MOVDIR,
BNDCL,MPX,
BNDCN,MPX,
BNDCU,MPX,
BNDLDX,MPX,
BNDMK,MPX,
BNDMOV,MPX,
BNDSTX,MPX,
PAUSE,MISC,
PCLMULQDQ,PCLMULQDQ,
PCONFIG,PCONFIG,
RDPKRU,PKU,
WRPKRU,PKU,
PREFETCHWT1,PREFETCHWT1,
PTWRITE,PTWRITE,
RDPID,RDPID,
RDPRU,RDPRU,
RDRAND,RDRAND,
RDSEED,RDSEED,
RDTSCP,SYSTEM,
RDFSBASE,RDWRFSGS,
RDGSBASE,RDWRFSGS,
WRFSBASE,RDWRFSGS,
WRGSBASE,RDWRFSGS,
XABORT,UNCOND_BR,
XBEGIN,COND_BR,
XBEGIN {disp32},COND_BR,
REX64 XBEGIN {disp32},COND_BR,
XEND,COND_BR,
XTEST,LOGICAL,
SERIALIZE,SERIALIZE,
ENCLS,SGX,
ENCLU,SGX,
SHA1MSG1,SHA,
SHA1MSG2,SHA,
SHA1NEXTE,SHA,
SHA1RNDS4,SHA,
SHA256MSG1,SHA,
SHA256MSG2,SHA,
SHA256RNDS2,SHA,
CLAC,SMAP,
STAC,SMAP,
GETSEC,SYSTEM,
PSMASH,SYSTEM,
PVALIDATE,SYSTEM,
RMPADJUST,SYSTEM,
RMPUPDATE,SYSTEM,
ADDPS,SSE,
ADDSS,SSE,
ANDNPS,LOGICAL_FP,
ANDPS,LOGICAL_FP,
CMPPS,SSE,
CMPSS,SSE,
COMISS,SSE,
CVTPI2PS,CONVERT,
CVTPS2PI,CONVERT,
CVTSI2SS,CONVERT,
CVTSS2SI,CONVERT,
CVTTPS2PI,CONVERT,
CVTTSS2SI,CONVERT,
DIVPS,SSE,
DIVSS,SSE,
FXRSTOR,SSE,
FXRSTOR64,SSE,
FXSAVE,SSE,
FXSAVE64,SSE,
LDMXCSR,SSE,
MAXPS,SSE,
MAXSS,SSE,
MINPS,SSE,
MINSS,SSE,
MOVAPS,DATAXFER,
MOVAPS {load},DATAXFER,
MOVAPS {store},DATAXFER,
MOVHLPS,DATAXFER,
MOVHPS,DATAXFER,
MOVLHPS,DATAXFER,
MOVLPS,DATAXFER,
MOVMSKPS,DATAXFER,
MOVNTPS,DATAXFER,
MOVSS,DATAXFER,
MOVSS {load},DATAXFER,
MOVSS {store},DATAXFER,
MOVUPS,DATAXFER,
MOVUPS {load},DATAXFER,
MOVUPS {store},DATAXFER,
MULPS,SSE,
MULSS,SSE,
ORPS,LOGICAL_FP,
PREFETCHNTA,PREFETCH,
PREFETCHT0,PREFETCH,
PREFETCHT1,PREFETCH,
PREFETCHT2,PREFETCH,
RCPPS,SSE,
RCPSS,SSE,
RSQRTPS,SSE,
RSQRTSS,SSE,
SFENCE,MISC,
SHUFPS,SSE,
SQRTPS,SSE,
SQRTSS,SSE,
STMXCSR,SSE,
SUBPS,SSE,
SUBSS,SSE,
UCOMISS,SSE,
UNPCKHPS,SSE,
UNPCKLPS,SSE,
XORPS,LOGICAL_FP,
ADDPD,SSE,
ADDSD,SSE,
ANDNPD,LOGICAL_FP,
ANDPD,LOGICAL_FP,
CMPPD,SSE,
CMPSD,SSE,
COMISD,SSE,
CVTDQ2PD,CONVERT,
CVTDQ2PS,CONVERT,
CVTPD2DQ,CONVERT,
CVTPD2PI,CONVERT,
CVTPD2PS,CONVERT,
CVTPI2PD,CONVERT,
CVTPS2DQ,CONVERT,
CVTPS2PD,CONVERT,
CVTSD2SI,CONVERT,
CVTSD2SS,CONVERT,
CVTSI2SD,CONVERT,
CVTSS2SD,CONVERT,
CVTTPD2DQ,CONVERT,
CVTTPD2PI,CONVERT,
CVTTPS2DQ,CONVERT,
CVTTSD2SI,CONVERT,
DIVPD,SSE,
DIVSD,SSE,
LFENCE,MISC,
MASKMOVDQU,DATAXFER,
MAXPD,SSE,
MAXSD,SSE,
MFENCE,MISC,
MINPD,SSE,
MINSD,SSE,
MOVAPD,DATAXFER,
MOVAPD {load},DATAXFER,
MOVAPD {store},DATAXFER,
MOVDQ2Q,DATAXFER,
MOVDQA,DATAXFER,
MOVDQA {store},DATAXFER,
MOVDQA {load},DATAXFER,
MOVDQU,DATAXFER,
MOVDQU {load},DATAXFER,
MOVDQU {store},DATAXFER,
MOVHPD,DATAXFER,
MOVLPD,DATAXFER,
MOVMSKPD,DATAXFER,
MOVNTDQ,DATAXFER,
MOVNTI,DATAXFER,
MOVNTPD,DATAXFER,
MOVQ2DQ,DATAXFER,
MOVSD,DATAXFER,
MOVSD {load},DATAXFER,
MOVSD {store},DATAXFER,
MOVUPD,DATAXFER,
MOVUPD {load},DATAXFER,
MOVUPD {store},DATAXFER,
MULPD,SSE,
MULSD,SSE,
ORPD,LOGICAL_FP,
PACKSSDW,SSE,
PACKSSWB,SSE,
PACKUSWB,SSE,
PADDB,SSE,
PADDD,SSE,
PADDQ,MMX,
PADDQ,SSE,
PADDSB,SSE,
PADDSW,SSE,
PADDUSB,SSE,
PADDUSW,SSE,
PADDW,SSE,
PAVGB,SSE,
PAVGW,SSE,
PCMPEQB,SSE,
PCMPEQD,SSE,
PCMPEQW,SSE,
PCMPGTB,SSE,
PCMPGTD,SSE,
PCMPGTW,SSE,
PEXTRW,SSE,
PINSRW,SSE,
PMADDWD,SSE,
PMAXSW,SSE,
PMAXUB,SSE,
PMINSW,SSE,
PMINUB,SSE,
PMOVMSKB,SSE,
PMULHUW,SSE,
PMULHW,SSE,
PMULLW,SSE,
PMULUDQ,MMX,
PMULUDQ,SSE,
PSADBW,SSE,
PSHUFD,SSE,
PSHUFHW,SSE,
PSHUFLW,SSE,
PSLLD,SSE,
PSLLDQ,SSE,
PSLLQ,SSE,
PSLLW,SSE,
PSRAD,SSE,
PSRAW,SSE,
PSRLD,SSE,
PSRLDQ,SSE,
PSRLQ,SSE,
PSRLW,SSE,
PSUBB,SSE,
PSUBD,SSE,
PSUBQ,MMX,
PSUBQ,SSE,
PSUBSB,SSE,
PSUBSW,SSE,
PSUBUSB,SSE,
PSUBUSW,SSE,
PSUBW,SSE,
PUNPCKHBW,SSE,
PUNPCKHDQ,SSE,
PUNPCKHQDQ,SSE,
PUNPCKHWD,SSE,
PUNPCKLBW,SSE,
PUNPCKLDQ,SSE,
PUNPCKLQDQ,SSE,
PUNPCKLWD,SSE,
SHUFPD,SSE,
SQRTPD,SSE,
SQRTSD,SSE,
SUBPD,SSE,
SUBSD,SSE,
UCOMISD,SSE,
UNPCKHPD,SSE,
UNPCKLPD,SSE,
XORPD,LOGICAL_FP,
ADDSUBPD,SSE,
ADDSUBPS,SSE,
FISTTP,X87_ALU,
HADDPD,SSE,
HADDPS,SSE,
HSUBPD,SSE,
HSUBPS,SSE,
LDDQU,SSE,
MOVDDUP,DATAXFER,
MOVSHDUP,DATAXFER,
MOVSLDUP,DATAXFER,
BLENDPD,SSE,
BLENDPS,SSE,
BLENDVPD,SSE,
BLENDVPS,SSE,
CRC32,SSE,
DPPD,SSE,
DPPS,SSE,
EXTRACTPS,SSE,
INSERTPS,SSE,
MOVNTDQA,SSE,
MPSADBW,SSE,
PACKUSDW,SSE,
PBLENDVB,SSE,
PBLENDW,SSE,
PCMPEQQ,SSE,
PCMPESTRI,SSE,
PCMPESTRIQ,SSE,
PCMPESTRM,SSE,
PCMPESTRMQ,SSE,
PCMPGTQ,SSE,
PCMPISTRI,SSE,
PCMPISTRM,SSE,
PEXTRB,SSE,
PEXTRD,SSE,
PEXTRQ,SSE,
PHMINPOSUW,SSE,
PINSRB,SSE,
PINSRD,SSE,
PINSRQ,SSE,
PMAXSB,SSE,
PMAXSD,SSE,
PMAXUD,SSE,
PMAXUW,SSE,
PMINSB,SSE,
PMINSD,SSE,
PMINUD,SSE,
PMINUW,SSE,
PMOVSXBD,SSE,
PMOVSXBQ,SSE,
PMOVSXBW,SSE,
PMOVSXDQ,SSE,
PMOVSXWD,SSE,
PMOVSXWQ,SSE,
PMOVZXBD,SSE,
PMOVZXBQ,SSE,
PMOVZXBW,SSE,
PMOVZXDQ,SSE,
PMOVZXWD,SSE,
PMOVZXWQ,SSE,
PMULDQ,SSE,
PMULLD,SSE,
POPCNT,SSE,
PTEST,LOGICAL,
ROUNDPD,SSE,
ROUNDPS,SSE,
ROUNDSD,SSE,
ROUNDSS,SSE,
EXTRQ,BITBYTE,
INSERTQ,BITBYTE,
MOVNTSD,DATAXFER,
MOVNTSS,DATAXFER,
PABSB,MMX,
PABSB,SSE,
PABSD,MMX,
PABSD,SSE,
PABSW,MMX,
PABSW,SSE,
PALIGNR,MMX,
PALIGNR,SSE,
PHADDD,MMX,
PHADDD,SSE,
PHADDSW,MMX,
PHADDSW,SSE,
PHADDW,MMX,
PHADDW,SSE,
PHSUBD,MMX,
PHSUBD,SSE,
PHSUBSW,MMX,
PHSUBSW,SSE,
PHSUBW,MMX,
PHSUBW,SSE,
PMADDUBSW,MMX,
PMADDUBSW,SSE,
PMULHRSW,MMX,
PMULHRSW,SSE,
PSHUFB,MMX,
PSHUFB,SSE,
PSIGNB,MMX,
PSIGNB,SSE,
PSIGND,MMX,
PSIGND,SSE,
PSIGNW,MMX,
PSIGNW,SSE,
CLGI,SYSTEM,
INVLPGA,SYSTEM,
SKINIT,SYSTEM,
STGI,SYSTEM,
VMLOAD,SYSTEM,
VMMCALL,SYSTEM,
VMRUN,SYSTEM,
VMSAVE,SYSTEM,
BEXTR,TBM,
BLCFILL,TBM,
BLCI,TBM,
BLCIC,TBM,
BLCMSK,TBM,
BLCS,TBM,
BLSFILL,TBM,
BLSIC,TBM,
T1MSKC,TBM,
TZMSK,TBM,
SEAMCALL,LEGACY,
SEAMOPS,LEGACY,
SEAMRET,LEGACY,
TDCALL,LEGACY,
XRESLDTRK,TSX_LDTRK,
XSUSLDTRK,TSX_LDTRK,
CLUI,UINTR,
SENDUIPI,UINTR,
STUI,UINTR,
TESTUI,UINTR,
UIRET,UINTR,
REPE XCRYPTCBC,VIA_PADLOCK,
REPE XCRYPTCFB,VIA_PADLOCK,
REPE XCRYPTCTR,VIA_PADLOCK,
REPE XCRYPTECB,VIA_PADLOCK,
REPE XCRYPTOFB,VIA_PADLOCK,
REPE XSTORE,VIA_PADLOCK,
XSTORE,VIA_PADLOCK,
REX64 XSTORE,VIA_PADLOCK,
REPE XSHA1,VIA_PADLOCK,
REPE XSHA256,VIA_PADLOCK,
VMFUNC,VTX,
INVEPT,VTX,
INVVPID,VTX,
VMCALL,VTX,
VMCLEAR,VTX,
VMLAUNCH,VTX,
VMPTRLD,VTX,
VMPTRST,VTX,
VMREAD,VTX,
VMRESUME,VTX,
VMWRITE,VTX,
VMXOFF,VTX,
VMXON,VTX,
TPAUSE,WAITPKG,
UMONITOR,WAITPKG,
UMWAIT,WAITPKG,
WBNOINVD,SYSTEM,
F2XM1,X87_ALU,
FABS,X87_ALU,
FADD,X87_ALU,
FADDP,X87_ALU,
FBLD,X87_ALU,
FBSTP,X87_ALU,
FCHS,X87_ALU,
FCMOVB,FCMOV,
FCMOVBE,FCMOV,
FCMOVE,FCMOV,
FCMOVNB,FCMOV,
FCMOVNBE,FCMOV,
FCMOVNE,FCMOV,
FCMOVNU,FCMOV,
FCMOVU,FCMOV,
FCOM,X87_ALU,
FCOMI,X87_ALU,
FCOMIP,X87_ALU,
FCOMP,X87_ALU,
FCOMPP,X87_ALU,
FCOS,X87_ALU,
FDECSTP,X87_ALU,
FDIV,X87_ALU,
FDIVP,X87_ALU,
FDIVR,X87_ALU,
FDIVRP,X87_ALU,
FFREE,X87_ALU,
FIADD,X87_ALU,
FICOM,X87_ALU,
FICOMP,X87_ALU,
FIDIV,X87_ALU,
FIDIVR,X87_ALU,
FILD,X87_ALU,
FIMUL,X87_ALU,
FINCSTP,X87_ALU,
FIST,X87_ALU,
FISTP,X87_ALU,
FISUB,X87_ALU,
FISUBR,X87_ALU,
FLD,X87_ALU,
FLD1,X87_ALU,
FLDCW,X87_ALU,
FLDENV,X87_ALU,
FLDL2E,X87_ALU,
FLDL2T,X87_ALU,
FLDLG2,X87_ALU,
FLDLN2,X87_ALU,
FLDPI,X87_ALU,
FLDZ,X87_ALU,
FMUL,X87_ALU,
FMULP,X87_ALU,
FNCLEX,X87_ALU,
FNINIT,X87_ALU,
FNOP,X87_ALU,
FNSAVE,X87_ALU,
FNSTCW,X87_ALU,
FNSTENV,X87_ALU,
FNSTSW,X87_ALU,
FPATAN,X87_ALU,
FPREM,X87_ALU,
FPREM1,X87_ALU,
FPTAN,X87_ALU,
FRNDINT,X87_ALU,
FRSTOR,X87_ALU,
FSCALE,X87_ALU,
FSIN,X87_ALU,
FSINCOS,X87_ALU,
FSQRT,X87_ALU,
FST,X87_ALU,
FSTP,X87_ALU,
FSUB,X87_ALU,
FSUBP,X87_ALU,
FSUBR,X87_ALU,
FSUBRP,X87_ALU,
FTST,X87_ALU,
FUCOM,X87_ALU,
FUCOMI,X87_ALU,
FUCOMIP,X87_ALU,
FUCOMP,X87_ALU,
FUCOMPP,X87_ALU,
FWAIT,X87_ALU,
FXAM,X87_ALU,
FXCH,X87_ALU,
FXTRACT,X87_ALU,
FYL2X,X87_ALU,
FYL2XP1,X87_ALU,
LLWPCB,XOP,
LWPINS,XOP,
LWPVAL,XOP,
SLWPCB,XOP,
VFRCZPD,XOP,
VFRCZPS,XOP,
VFRCZSD,XOP,
VFRCZSS,XOP,
VPCMOV,XOP,
VPCOMB,XOP,
VPCOMD,XOP,
VPCOMQ,XOP,
VPCOMUB,XOP,
VPCOMUD,XOP,
VPCOMUQ,XOP,
VPCOMUW,XOP,
VPCOMW,XOP,
VPERMIL2PD,XOP,
VPERMIL2PS,XOP,
VPHADDBD,XOP,
VPHADDBQ,XOP,
VPHADDBW,XOP,
VPHADDDQ,XOP,
VPHADDUBD,XOP,
VPHADDUBQ,XOP,
VPHADDUBW,XOP,
VPHADDUDQ,XOP,
VPHADDUWD,XOP,
VPHADDUWQ,XOP,
VPHADDWD,XOP,
VPHADDWQ,XOP,
VPHSUBBW,XOP,
VPHSUBDQ,XOP,
VPHSUBWD,XOP,
VPMACSDD,XOP,
VPMACSDQH,XOP,
VPMACSDQL,XOP,
VPMACSSDD,XOP,
VPMACSSDQH,XOP,
VPMACSSDQL,XOP,
VPMACSSWD,XOP,
VPMACSSWW,XOP,
VPMACSWD,XOP,
VPMACSWW,XOP,
VPMADCSSWD,XOP,
VPMADCSWD,XOP,
VPPERM,XOP,
VPROTB,XOP,
VPROTD,XOP,
VPROTQ,XOP,
VPROTW,XOP,
VPSHAB,XOP,
VPSHAD,XOP,
VPSHAQ,XOP,
VPSHAW,XOP,
VPSHLB,XOP,
VPSHLD,XOP,
VPSHLQ,XOP,
VPSHLW,XOP,
XGETBV,XSAVE,
XRSTOR,XSAVE,
XRSTOR64,XSAVE,
XSAVE,XSAVE,
XSAVE64,XSAVE,
XSETBV,XSAVE,
XSAVEC,XSAVE,
XSAVEC64,XSAVE,
XSAVEOPT,XSAVEOPT,
XSAVEOPT64,XSAVEOPT,
XRSTORS,XSAVE,
XRSTORS64,XSAVE,
XSAVES,XSAVE,
XSAVES64,XSAVE,